{
  "10.100.165.1 Swap" : {
    "transaction" : "10.100.165.1 Swap",
    "sampleCount" : 148,
    "errorCount" : 0,
    "errorPct" : 0.0,
    "meanResTime" : 0.0,
    "minResTime" : 0.0,
    "maxResTime" : 0.0,
    "pct1ResTime" : 0.0,
    "pct2ResTime" : 0.0,
    "pct3ResTime" : 0.0,
    "throughput" : 0.9856087799095639,
    "receivedKBytesPerSec" : 0.0,
    "sentKBytesPerSec" : 0.0
  },
  "Total" : {
    "transaction" : "Total",
    "sampleCount" : 14590,
    "errorCount" : 6832,
    "errorPct" : 46.826595,
    "meanResTime" : 587548.8074708733,
    "minResTime" : -3000.0,
    "maxResTime" : 2.90203E8,
    "pct1ResTime" : 2694.5999999999985,
    "pct2ResTime" : 3946.0,
    "pct3ResTime" : 76180.00000000029,
    "throughput" : 0.05026301994114177,
    "receivedKBytesPerSec" : 0.0661321167294526,
    "sentKBytesPerSec" : 0.013419840373020095
  },
  "HTTP Request-Login" : {
    "transaction" : "HTTP Request-Login",
    "sampleCount" : 3416,
    "errorCount" : 3416,
    "errorPct" : 100.0,
    "meanResTime" : 1655.0269320843047,
    "minResTime" : 155.0,
    "maxResTime" : 5871.0,
    "pct1ResTime" : 3292.0,
    "pct2ResTime" : 3949.5999999999913,
    "pct3ResTime" : 5384.2499999999945,
    "throughput" : 24.433858346565955,
    "receivedKBytesPerSec" : 33.50111046736191,
    "sentKBytesPerSec" : 12.073762034533567
  },
  "10.100.165.1 Network I/O" : {
    "transaction" : "10.100.165.1 Network I/O",
    "sampleCount" : 148,
    "errorCount" : 0,
    "errorPct" : 0.0,
    "meanResTime" : 5.772076351351353E7,
    "minResTime" : 0.0,
    "maxResTime" : 2.90203E8,
    "pct1ResTime" : 2.387342E8,
    "pct2ResTime" : 2.7718725E8,
    "pct3ResTime" : 2.8857570999999994E8,
    "throughput" : 5.098647723215222E-4,
    "receivedKBytesPerSec" : 0.0,
    "sentKBytesPerSec" : 0.0
  },
  "10.100.165.1 CPU" : {
    "transaction" : "10.100.165.1 CPU",
    "sampleCount" : 148,
    "errorCount" : 0,
    "errorPct" : 0.0,
    "meanResTime" : 9828.040540540542,
    "minResTime" : 1007.0,
    "maxResTime" : 30126.0,
    "pct1ResTime" : 18226.799999999996,
    "pct2ResTime" : 21975.05,
    "pct3ResTime" : 28447.25999999997,
    "throughput" : 0.9112907694865369,
    "receivedKBytesPerSec" : 0.0,
    "sentKBytesPerSec" : 0.0
  },
  "10.100.165.1 Disks I/O" : {
    "transaction" : "10.100.165.1 Disks I/O",
    "sampleCount" : 148,
    "errorCount" : 0,
    "errorPct" : 0.0,
    "meanResTime" : -2997.459459459459,
    "minResTime" : -3000.0,
    "maxResTime" : -2964.0,
    "pct1ResTime" : -2987.7,
    "pct2ResTime" : -2980.0,
    "pct3ResTime" : -2964.98,
    "throughput" : 1.0057217412576958,
    "receivedKBytesPerSec" : 0.0,
    "sentKBytesPerSec" : 0.0
  },
  "10.100.165.1 TCP" : {
    "transaction" : "10.100.165.1 TCP",
    "sampleCount" : 148,
    "errorCount" : 0,
    "errorPct" : 0.0,
    "meanResTime" : 50263.513513513506,
    "minResTime" : 28000.0,
    "maxResTime" : 78000.0,
    "pct1ResTime" : 68000.0,
    "pct2ResTime" : 71000.0,
    "pct3ResTime" : 77019.99999999999,
    "throughput" : 0.7866189734622396,
    "receivedKBytesPerSec" : 0.0,
    "sentKBytesPerSec" : 0.0
  },
  "HTTP Request-Login-0" : {
    "transaction" : "HTTP Request-Login-0",
    "sampleCount" : 3416,
    "errorCount" : 0,
    "errorPct" : 0.0,
    "meanResTime" : 799.7277517564381,
    "minResTime" : 55.0,
    "maxResTime" : 3335.0,
    "pct1ResTime" : 1757.0,
    "pct2ResTime" : 2186.749999999998,
    "pct3ResTime" : 2842.49,
    "throughput" : 24.47499838791726,
    "receivedKBytesPerSec" : 10.540502235421398,
    "sentKBytesPerSec" : 6.429467349950921
  },
  "HTTP Request-Login-1" : {
    "transaction" : "HTTP Request-Login-1",
    "sampleCount" : 3416,
    "errorCount" : 3416,
    "errorPct" : 100.0,
    "meanResTime" : 854.9701405152229,
    "minResTime" : 76.0,
    "maxResTime" : 3411.0,
    "pct1ResTime" : 1721.0,
    "pct2ResTime" : 2099.749999999998,
    "pct3ResTime" : 3229.0899999999983,
    "throughput" : 24.48306755061817,
    "receivedKBytesPerSec" : 23.024603565669235,
    "sentKBytesPerSec" : 5.666491220211431
  },
  "10.100.165.1 Memory" : {
    "transaction" : "10.100.165.1 Memory",
    "sampleCount" : 148,
    "errorCount" : 0,
    "errorPct" : 0.0,
    "meanResTime" : 37098.83108108105,
    "minResTime" : 37010.0,
    "maxResTime" : 37191.0,
    "pct1ResTime" : 37169.0,
    "pct2ResTime" : 37182.0,
    "pct3ResTime" : 37190.51,
    "throughput" : 0.7900032560945015,
    "receivedKBytesPerSec" : 0.0,
    "sentKBytesPerSec" : 0.0
  },
  "HTTP Request-LoginPage" : {
    "transaction" : "HTTP Request-LoginPage",
    "sampleCount" : 3454,
    "errorCount" : 0,
    "errorPct" : 0.0,
    "meanResTime" : 1278.9600463231031,
    "minResTime" : 151.0,
    "maxResTime" : 3697.0,
    "pct1ResTime" : 2465.0,
    "pct2ResTime" : 2839.75,
    "pct3ResTime" : 3389.1499999999987,
    "throughput" : 24.639221588923053,
    "receivedKBytesPerSec" : 70.11590987316579,
    "sentKBytesPerSec" : 3.705507934271631
  }
}