{
  "10.100.165.1 Swap" : {
    "transaction" : "10.100.165.1 Swap",
    "sampleCount" : 148,
    "errorCount" : 0,
    "errorPct" : 0.0,
    "meanResTime" : 0.0,
    "minResTime" : 0.0,
    "maxResTime" : 0.0,
    "pct1ResTime" : 0.0,
    "pct2ResTime" : 0.0,
    "pct3ResTime" : 0.0,
    "throughput" : 0.9892452994138053,
    "receivedKBytesPerSec" : 0.0,
    "sentKBytesPerSec" : 0.0
  },
  "Total" : {
    "transaction" : "Total",
    "sampleCount" : 10882,
    "errorCount" : 4976,
    "errorPct" : 45.726887,
    "meanResTime" : 718763.6043925707,
    "minResTime" : -3000.0,
    "maxResTime" : 2.96822E8,
    "pct1ResTime" : 3751.4000000000015,
    "pct2ResTime" : 7034.0,
    "pct3ResTime" : 1.3500480000000004E7,
    "throughput" : 0.03665584254870546,
    "receivedKBytesPerSec" : 0.0472335269596867,
    "sentKBytesPerSec" : 0.009564244429424374
  },
  "HTTP Request-Login" : {
    "transaction" : "HTTP Request-Login",
    "sampleCount" : 2488,
    "errorCount" : 2488,
    "errorPct" : 100.0,
    "meanResTime" : 2374.8151125401914,
    "minResTime" : 186.0,
    "maxResTime" : 7237.0,
    "pct1ResTime" : 4120.299999999999,
    "pct2ResTime" : 5514.799999999996,
    "pct3ResTime" : 7045.190000000004,
    "throughput" : 17.78387728552844,
    "receivedKBytesPerSec" : 24.383362996955015,
    "sentKBytesPerSec" : 8.787736236794329
  },
  "10.100.165.1 Network I/O" : {
    "transaction" : "10.100.165.1 Network I/O",
    "sampleCount" : 148,
    "errorCount" : 0,
    "errorPct" : 0.0,
    "meanResTime" : 5.264845945945946E7,
    "minResTime" : 0.0,
    "maxResTime" : 2.96822E8,
    "pct1ResTime" : 2.367797E8,
    "pct2ResTime" : 2.7729E8,
    "pct3ResTime" : 2.9523538E8,
    "throughput" : 4.985356341026817E-4,
    "receivedKBytesPerSec" : 0.0,
    "sentKBytesPerSec" : 0.0
  },
  "10.100.165.1 CPU" : {
    "transaction" : "10.100.165.1 CPU",
    "sampleCount" : 148,
    "errorCount" : 0,
    "errorPct" : 0.0,
    "meanResTime" : 8337.189189189185,
    "minResTime" : 751.0,
    "maxResTime" : 23618.0,
    "pct1ResTime" : 17128.0,
    "pct2ResTime" : 18756.449999999993,
    "pct3ResTime" : 23457.769999999997,
    "throughput" : 0.9417993458312652,
    "receivedKBytesPerSec" : 0.0,
    "sentKBytesPerSec" : 0.0
  },
  "10.100.165.1 Disks I/O" : {
    "transaction" : "10.100.165.1 Disks I/O",
    "sampleCount" : 148,
    "errorCount" : 0,
    "errorPct" : 0.0,
    "meanResTime" : -2999.310810810808,
    "minResTime" : -3000.0,
    "maxResTime" : -2980.0,
    "pct1ResTime" : -2998.0,
    "pct2ResTime" : -2994.0,
    "pct3ResTime" : -2982.45,
    "throughput" : 1.0095153644145836,
    "receivedKBytesPerSec" : 0.0,
    "sentKBytesPerSec" : 0.0
  },
  "10.100.165.1 TCP" : {
    "transaction" : "10.100.165.1 TCP",
    "sampleCount" : 148,
    "errorCount" : 0,
    "errorPct" : 0.0,
    "meanResTime" : 49412.16216216215,
    "minResTime" : 28000.0,
    "maxResTime" : 71000.0,
    "pct1ResTime" : 65099.99999999999,
    "pct2ResTime" : 67549.99999999999,
    "pct3ResTime" : 71000.0,
    "throughput" : 0.7974309791159292,
    "receivedKBytesPerSec" : 0.0,
    "sentKBytesPerSec" : 0.0
  },
  "HTTP Request-Login-0" : {
    "transaction" : "HTTP Request-Login-0",
    "sampleCount" : 2488,
    "errorCount" : 0,
    "errorPct" : 0.0,
    "meanResTime" : 1179.0217041800656,
    "minResTime" : 56.0,
    "maxResTime" : 4740.0,
    "pct1ResTime" : 2148.4999999999995,
    "pct2ResTime" : 2860.1999999999935,
    "pct3ResTime" : 4481.110000000001,
    "throughput" : 17.86214273919692,
    "receivedKBytesPerSec" : 7.692582957017425,
    "sentKBytesPerSec" : 4.692301168792942
  },
  "HTTP Request-Login-1" : {
    "transaction" : "HTTP Request-Login-1",
    "sampleCount" : 2488,
    "errorCount" : 2488,
    "errorPct" : 100.0,
    "meanResTime" : 1195.3922829582004,
    "minResTime" : 86.0,
    "maxResTime" : 4701.0,
    "pct1ResTime" : 2429.2,
    "pct2ResTime" : 2800.7499999999986,
    "pct3ResTime" : 4019.870000000002,
    "throughput" : 17.835125448028673,
    "receivedKBytesPerSec" : 16.772681451612904,
    "sentKBytesPerSec" : 4.127856182795699
  },
  "10.100.165.1 Memory" : {
    "transaction" : "10.100.165.1 Memory",
    "sampleCount" : 148,
    "errorCount" : 0,
    "errorPct" : 0.0,
    "meanResTime" : 37139.317567567574,
    "minResTime" : 36920.0,
    "maxResTime" : 37254.0,
    "pct1ResTime" : 37237.0,
    "pct2ResTime" : 37249.0,
    "pct3ResTime" : 37254.0,
    "throughput" : 0.7922572909083123,
    "receivedKBytesPerSec" : 0.0,
    "sentKBytesPerSec" : 0.0
  },
  "HTTP Request-LoginPage" : {
    "transaction" : "HTTP Request-LoginPage",
    "sampleCount" : 2530,
    "errorCount" : 0,
    "errorPct" : 0.0,
    "meanResTime" : 1659.2237154150193,
    "minResTime" : 182.0,
    "maxResTime" : 5396.0,
    "pct1ResTime" : 2815.0,
    "pct2ResTime" : 3018.8999999999996,
    "pct3ResTime" : 3968.0,
    "throughput" : 17.972834735167083,
    "receivedKBytesPerSec" : 51.145351970973515,
    "sentKBytesPerSec" : 2.702945848843487
  }
}